Position	NT change	ORFs	AA Change	Associated Variants	Time Span	Count	Abundance	Total Coverage	Pos. Samples	1k+ read samples	Samples Processed	Time Span	Count	Abundance	Total Coverage	Pos. Samples	1k+ read samples	Samples Processed	diff	Process end date
515	GTTATG515-520del	ORF1	VM84-85del	LB.1.3.1	2024-12-29--2025-01-18	4718	0.026625	177203	97	0	1004	2025-01-19--2025-02-08	2581	0.027159	95034	72	0	672	0.000534	2025-02-21 08:49:36.837392
593	C593T	ORF1	H110Y	XEK,XEU	2024-12-29--2025-01-18	19838	0.032154	616959	179	5	1004	2025-01-19--2025-02-08	4558	0.018390	247852	68	2	672	0.013764	2025-02-21 08:49:36.837392
686	AAGTCATTT686-694del	ORF1	KSF141-143del	ND.3,MJ.2.1,MJ.1.1	2024-12-29--2025-01-18	272406	0.012358	22043421	55	23	1004	2025-01-19--2025-02-08	461205	0.020798	22175797	47	31	672	0.008440	2025-02-21 08:49:36.837392
2060	G2060A	ORF1	A599T	XEC*	2024-12-29--2025-01-18	4894022	0.336923	14525618	702	436	1004	2025-01-19--2025-02-08	4426461	0.285754	15490477	470	294	672	0.051170	2025-02-21 08:49:36.837392
4364	A4364C	ORF1	I1367L	KP.3.3.4,XEP,XEC.2	2024-12-29--2025-01-18	493624	0.055744	8855197	576	62	1004	2025-01-19--2025-02-08	709454	0.070639	10043343	414	62	672	0.014895	2025-02-21 08:49:36.837392
6255	C6255T	ORF1	A1997V	LP.8.1,LP.8.2.1,LP.11	2024-12-29--2025-01-18	4891452	0.125520	38969360	663	203	1004	2025-01-19--2025-02-08	6241821	0.192755	32382215	482	207	672	0.067234	2025-02-21 08:49:36.837392
7113	C7113T	ORF1	T2283I	JN.1.11.1,KU.2,XDV	2024-12-29--2025-01-18	11320919	0.380055	29787588	765	425	1004	2025-01-19--2025-02-08	11139716	0.361077	30851341	491	309	672	0.018978	2025-02-21 08:49:36.837392
7869	C7869T	ORF1	S2535L	LF.7	2024-12-29--2025-01-18	733224	0.031382	23364178	430	50	1004	2025-01-19--2025-02-08	1098963	0.049104	22380350	354	46	672	0.017722	2025-02-21 08:49:36.837392
7925	G7925T	ORF1	A2554S		2024-12-29--2025-01-18	893169	0.044783	19944172	542	1	1004	2025-01-19--2025-02-08	37563	0.001818	20658810	414	1	672	0.042965	2025-02-21 08:49:36.837392
9431	G9431A	ORF1	V3056I		2024-12-29--2025-01-18	79603	0.021498	3702731	231	19	1004	2025-01-19--2025-02-08	32521	0.005819	5588985	206	9	672	0.015680	2025-02-21 08:49:36.837392
10323	A10323G	ORF1	K3353R	JN.1.52,LP.8.1.5,MC.10.2	2024-12-29--2025-01-18	35298	0.006581	5363238	359	14	1004	2025-01-19--2025-02-08	223252	0.028129	7936592	342	27	672	0.021548	2025-02-21 08:49:36.837392
10540	G10540T	ORF1	M3425I		2024-12-29--2025-01-18	4888	0.000776	6300462	549	0	1004	2025-01-19--2025-02-08	182652	0.021513	8490382	383	1	672	0.020737	2025-02-21 08:49:36.837392
11003	C11003T	ORF1	H3580Y		2024-12-29--2025-01-18	195951	0.027839	7038649	261	12	1004	2025-01-19--2025-02-08	89553	0.010169	8806722	248	7	672	0.017671	2025-02-21 08:49:36.837392
11570	T11570A	ORF1	F3769I		2024-12-29--2025-01-18	218	0.000236	925515	145	0	1004	2025-01-19--2025-02-08	70529	0.088570	796311	138	1	672	0.088334	2025-02-21 08:49:36.837392
11727	G11727A	ORF1	R3821K	JN.1	2024-12-29--2025-01-18	818988	0.991931	825650	834	339	1004	2025-01-19--2025-02-08	612861	0.969998	631817	533	247	672	0.021934	2025-02-21 08:49:36.837392
13121	A13121T	ORF1	S4286C	KP.3.1.1,XEW	2024-12-29--2025-01-18	1771096	0.251375	7045634	541	263	1004	2025-01-19--2025-02-08	1972562	0.220172	8959205	337	169	672	0.031203	2025-02-21 08:49:36.837392
14964	A14964C	ORF1	K4900N		2024-12-29--2025-01-18	49591	0.021518	2304678	588	0	1004	2025-01-19--2025-02-08	53239	0.021463	2480485	468	3	672	0.000054	2025-02-21 08:49:36.837392
15007	G15007A	ORF1	D4915N		2024-12-29--2025-01-18	8245	0.003763	2191259	236	0	1004	2025-01-19--2025-02-08	189128	0.078511	2408926	195	65	672	0.074749	2025-02-21 08:49:36.837392
16943	G16943T	ORF1	S5560I		2024-12-29--2025-01-18	446182	0.023293	19155016	609	60	1004	2025-01-19--2025-02-08	357808	0.021394	16724483	422	36	672	0.001899	2025-02-21 08:49:36.837392
17144	G17144A	ORF1	R5627H		2024-12-29--2025-01-18	4953	0.000866	5720798	389	1	1004	2025-01-19--2025-02-08	156300	0.021591	7239199	323	5	672	0.020725	2025-02-21 08:49:36.837392
18131	C18131T	ORF1	T5956I		2024-12-29--2025-01-18	104197	0.028143	3702425	243	37	1004	2025-01-19--2025-02-08	115514	0.042394	2724743	190	24	672	0.014252	2025-02-21 08:49:36.837392
18308	A18308C	ORF1	D6015A		2024-12-29--2025-01-18	3187	0.000975	3267439	494	0	1004	2025-01-19--2025-02-08	63456	0.031796	1995745	354	1	672	0.030820	2025-02-21 08:49:36.837392
18314	A18314C	ORF1	E6017A		2024-12-29--2025-01-18	4284	0.001287	3328533	574	0	1004	2025-01-19--2025-02-08	64194	0.029651	2164964	367	1	672	0.028364	2025-02-21 08:49:36.837392
21627	C21627A	S	T22N	XEC*,LF.7,XEQ,LJ.1,KS.1.5,MU.6,KP.3.6,KP.2.2.1,XDV.1.7.1,KS.1.1,KP.3.1.9,NG.1,NB.1,MU.3,LP.8.1.6,LF.8.1.1,MG.3,MB.1.1,XEN,KP.2.18,XER,MJ.1.1,KP.2.14,XEL,MT.1.1,KP.2.26,JN.1.16.5	2024-12-29--2025-01-18	579572	0.529314	1094950	705	144	1004	2025-01-19--2025-02-08	410393	0.460431	891323	454	112	672	0.068882	2025-02-21 08:49:36.837392
21652	TTC21652-21654del	S	NS30-31Ndel		2024-12-29--2025-01-18	524045	0.443576	1181409	643	116	1004	2025-01-19--2025-02-08	483229	0.524468	921369	410	112	672	0.080892	2025-02-21 08:49:36.837392
21653	T21653C	S	S31P	LF.7,XER,KP.3.2.6,MJ.1,NF.1,KP.2.26,JN.1.40,MT.1	2024-12-29--2025-01-18	38952	0.033184	1173809	217	11	1004	2025-01-19--2025-02-08	25931	0.027954	927632	126	9	672	0.005230	2025-02-21 08:49:36.837392
21728	T21728G	S	L56V	MJ.2.1.1,KP.2.11	2024-12-29--2025-01-18	12690	0.032732	387698	219	1	1004	2025-01-19--2025-02-08	130	0.000749	173560	79	0	672	0.031983	2025-02-21 08:49:36.837392
21737	T21737C	S	F59L	KP.2.2,JN.1.11.2,KR.1.1,MD.1.2,NJ.1	2024-12-29--2025-01-18	12329	0.032220	382655	79	1	1004	2025-01-19--2025-02-08	69	0.000394	175125	34	0	672	0.031826	2025-02-21 08:49:36.837392
21738	T21738C	S	F59S	XEC*,JN.1.18.6,KS.1,JN.1.42.1,XEM,NB.1,KP.3.1.8,MU.3,KP.2.10,KP.1.1.5,JN.1.18.9,KR.1.4,XDR.1,JN.1.13.1,MN.1,JN.1.18.2	2024-12-29--2025-01-18	189846	0.491394	386342	595	39	1004	2025-01-19--2025-02-08	75362	0.432844	174109	331	17	672	0.058550	2025-02-21 08:49:36.837392
21774	C21774T	S	S71F		2024-12-29--2025-01-18	345	0.001017	339371	32	0	1004	2025-01-19--2025-02-08	3722	0.022752	163587	31	1	672	0.021736	2025-02-21 08:49:36.837392
22107	A22107G	S	K182R	LF.7,XER,MC.15,KP.2.2.2,XEC.1,LB.1.3.3	2024-12-29--2025-01-18	845938	0.046512	18187366	605	81	1004	2025-01-19--2025-02-08	577967	0.028393	20356256	433	50	672	0.018120	2025-02-21 08:49:36.837392
22111	G22111T	S	Q183H	LB.1,XFB,JN.1.9,LY.2,JN.1.32.1	2024-12-29--2025-01-18	327077	0.010474	31228551	665	64	1004	2025-01-19--2025-02-08	900830	0.022032	40887839	484	65	672	0.011558	2025-02-21 08:49:36.837392
22120	C22120A	S	F186L	LP.8.1,LP.8.2.1	2024-12-29--2025-01-18	2176980	0.079113	27517180	708	189	1004	2025-01-19--2025-02-08	3228438	0.088525	36469287	509	170	672	0.009411	2025-02-21 08:49:36.837392
22132	G22132T	S	R190S	LP.8.1,LF.7,XER,LB.1.4.1,JN.1.59.1,NK.1,MA.1,LP.7,LP.1.2,KP.4.2.4,NL.1,KP.4.2.6,NC.1	2024-12-29--2025-01-18	3011037	0.170251	17685879	773	244	1004	2025-01-19--2025-02-08	3836587	0.176619	21722431	534	202	672	0.006368	2025-02-21 08:49:36.837392
22599	G22599C	S	R346T	MC.19,KS.1,KP.2,JN.1.16.1,JN.1.18,KP.4.1,JN.1.39.2,KZ.1.1,JN.1.8.2,JN.1.44.1,XED,JN.1.25.1,MC.13.2.1,XDR.1,JN.1.7.3,JN.1.29.1,JN.1.49.1,MC.17.1,XES,XEM,MU.3,KQ.1,LU.2,XEH,MC.28.1.1,JN.1.42.2,LF.6,JN.1.58.2,JN.1.26,JN.1.30.1,JN.1.1.3,JN.1.13.1,MC.31,JN.1.9.2,JN.1.50.1,MC.10.1.6,LE.1,JN.1.18.8,JN.1.48.1,JN.1.48.3,LU.1,NU.1,LN.1.1,JN.1.59.1,MC.13.3,KR.5,JN.1.48.2,MC.33.1,XDK.1,JN.1.6.1,LF.8,MK.3,JN.1.11.2,JN.1.1.5,MQ.1,JN.1.24.1,JN.1.4.4,XDD.1.1.1,MF.1,LG.1	2024-12-29--2025-01-18	10675533	0.149180	71561254	691	330	1004	2025-01-19--2025-02-08	4304446	0.196436	21912717	497	270	672	0.047256	2025-02-21 08:49:36.837392
22865	G22865T	S	A435S	MC.10.1,KP.3.3.5,MU.2.1.1,XDY.1,MC.30.1.1,XFB,KP.3.7,XDY.3,MC.13.2,KP.3.3.2,XDV.1.9.1,MU.6,MC.28.1,LP.10.1.1,MC.31,XEP,MC.21.1	2024-12-29--2025-01-18	32100	0.041844	767143	351	6	1004	2025-01-19--2025-02-08	27591	0.048638	567277	242	6	672	0.006794	2025-02-21 08:49:36.837392
22893	A22893G	S	K444R	LF.7,XER,NA.1.1,JN.1.61,JN.1.23	2024-12-29--2025-01-18	42957	0.040901	1050266	251	10	1004	2025-01-19--2025-02-08	28826	0.043787	658324	140	5	672	0.002886	2025-02-21 08:49:36.837392
22895	G22895C	S	V445R	MC.33.1,LP.8,MC.19.1,NZ.1,MK.3	2024-12-29--2025-01-18	152782	0.110145	1387101	371	42	1004	2025-01-19--2025-02-08	110216	0.113889	967747	237	29	672	0.003744	2025-02-21 08:49:36.837392
22895	G22895C	S	V445P	LB.1.3.1,LF.3.1,MU.2.1.1,PA.1,MA.1.1.1,NN.1,JN.1.1.8,KP.2.3.4,LB.1.10,LP.9,NC.1.2,NS.1.1,MU.5,JN.1.50,LK.1,LP.1.2.1	2024-12-29--2025-01-18	55881	0.040286	1387101	269	14	1004	2025-01-19--2025-02-08	32608	0.033695	967747	159	8	672	0.006591	2025-02-21 08:49:36.837392
22896	T22896C	S	V445P	LB.1.3.1,LF.3.1,MU.2.1.1,PA.1,MA.1.1.1,NN.1,JN.1.1.8,KP.2.3.4,LB.1.10,LP.9,NC.1.2,NS.1.1,MU.5,JN.1.50,LK.1,LP.1.2.1	2024-12-29--2025-01-18	55881	0.049831	1121403	269	14	1004	2025-01-19--2025-02-08	32608	0.046192	705924	159	8	672	0.003639	2025-02-21 08:49:36.837392
22896	T22896G	S	V445R	MC.33.1,LP.8,MC.19.1,NZ.1,MK.3	2024-12-29--2025-01-18	152782	0.136242	1121403	371	42	1004	2025-01-19--2025-02-08	110216	0.156130	705924	237	29	672	0.019888	2025-02-21 08:49:36.837392
22926	T22926C	S	L455S	JN.1	2024-12-29--2025-01-18	1000642	0.914880	1093741	795	262	1004	2025-01-19--2025-02-08	598428	0.827404	723260	496	159	672	0.087477	2025-02-21 08:49:36.837392
22928	T22928C	S	F456L	JN.1.16,KS.1,XDV.1,JN.1.11.1,JN.1.1.8,XDK.1.2,XDD.3,JN.1.15.1,XDK.4.1,JN.1.18.4,JN.1.1.6,JN.1.29.1,LZ.2,LR.1,JN.1.62,LF.6,KR.3,NS.3,JN.1.50,LR.3,JN.1.7.8,JN.1.18.5,KU.2,JN.1.48.1,JN.1.48.3,LN.1.1,JN.1.51.1,JN.1.39.1,XDK.5,KR.5,KR.1,LL.1,MD.3.1,XDK.6,JN.1.55.2,LZ.1,LE.1.3.1,XDK.3,MD.1,LF.8,JN.1.65.1,JN.1.4.9,JN.1.67.1,KW.1.1,LM.1,XDR.1.1,LQ.1,JN.1.55.1,JN.1.7.9	2024-12-29--2025-01-18	994770	0.963657	1032286	795	261	1004	2025-01-19--2025-02-08	604555	0.989304	611091	495	160	672	0.025647	2025-02-21 08:49:36.837392
22986	C22986T	S	A475V	NY.5,LP.10.1,LF.7.2.1,KP.2.3.1,NY.6,LP.8.2.1,LF.7.1.2,LP.8.1.9	2024-12-29--2025-01-18	12345	0.011553	1068509	156	4	1004	2025-01-19--2025-02-08	16633	0.027358	607975	95	3	672	0.015805	2025-02-21 08:49:36.837392
23039	C23039G	S	Q493E	XEQ,KP.3,JN.1.16.4,XEF,KP.3.4,XDY,XET,LP.8,JN.1.16.5	2024-12-29--2025-01-18	1820962	0.809587	2249249	768	263	1004	2025-01-19--2025-02-08	855887	0.823293	1039590	480	149	672	0.013706	2025-02-21 08:49:36.837392
23277	C23277T	S	T572I	MC.1,XEC.4,JN.1.7,JN.1.47.2,MC.30.1.1,XDV.1.3,KP.2.27,JN.1.4.3,KP.2.15.1,XDD.3,JN.1.1.1,MG.1,JN.1.9.1,JN.1.62,KP.2.9,LZ.3,NB.1.3.1,KP.2.2.2,LP.4,MC.26.1,LB.1.2.2,JN.1.65,JN.1.16.3,XDY.5.1,XDY.1.1,LD.1,MC.8.1,KV.2,KP.1.2,KP.5,XFB,MU.1,XDK,MC.13.4,MH.1,JN.1.32,KW.1,KP.2.3.6,KP.2.3.8	2024-12-29--2025-01-18	2134814	0.083343	25614771	611	222	1004	2025-01-19--2025-02-08	3261312	0.083864	38887890	480	182	672	0.000521	2025-02-21 08:49:36.837392
23915	G23915T	S	V785F		2024-12-29--2025-01-18	49202	0.001890	26036387	508	0	1004	2025-01-19--2025-02-08	420304	0.039006	10775412	386	1	672	0.037116	2025-02-21 08:49:36.837392
24185	T24185C	S	S875P		2024-12-29--2025-01-18	6758	0.000288	23505585	523	1	1004	2025-01-19--2025-02-08	402027	0.041440	9701386	320	1	672	0.041153	2025-02-21 08:49:36.837392
24819	A24819G	S	K1086R	KP.1.1,KP.1	2024-12-29--2025-01-18	4878378	0.119512	40818994	658	182	1004	2025-01-19--2025-02-08	2588805	0.135871	19053460	436	151	672	0.016358	2025-02-21 08:49:36.837392
24872	G24872T	S	V1104L	XEQ,XEF,XDY,JN.1.11,LB.1.1	2024-12-29--2025-01-18	37164578	0.869112	42761545	838	612	1004	2025-01-19--2025-02-08	16782095	0.830061	20217901	520	420	672	0.039051	2025-02-21 08:49:36.837392
25324	C25324A	S	C1254*		2024-12-29--2025-01-18	20350	0.017728	1147913	548	0	1004	2025-01-19--2025-02-08	15698	0.020332	772069	359	0	672	0.002605	2025-02-21 08:49:36.837392
25429	G25429T	ORF3a	V13L	JN.1.31,XEN	2024-12-29--2025-01-18	206836	0.008773	23575823	599	21	1004	2025-01-19--2025-02-08	434253	0.024336	17844275	438	21	672	0.015562	2025-02-21 08:49:36.837392
25925	C25925T	ORF3a	P178L	LP.8.1,LP.8.2.1,LP.11	2024-12-29--2025-01-18	184126	0.139669	1318307	382	56	1004	2025-01-19--2025-02-08	252159	0.193450	1303481	288	59	672	0.053782	2025-02-21 08:49:36.837392
27476	C27476T	ORF7a	T28I	LB.1.3.1,JN.1.8.1,JN.1.8	2024-12-29--2025-01-18	1209179	0.037856	31941665	621	101	1004	2025-01-19--2025-02-08	838894	0.047671	17597720	409	64	672	0.009815	2025-02-21 08:49:36.837392
27810	T27810C	ORF7b	F19L	JN.1	2024-12-29--2025-01-18	29462769	0.725013	40637579	904	714	1004	2025-01-19--2025-02-08	19326145	0.780348	24766055	600	510	672	0.055335	2025-02-21 08:49:36.837392
27972	C27972T	ORF8	Q27*		2024-12-29--2025-01-18	11474	0.001312	8745638	349	3	1004	2025-01-19--2025-02-08	239346	0.020871	11467881	290	4	672	0.019559	2025-02-21 08:49:36.837392
28883	G28883C	N	G204P	XEP,KP.3.3	2024-12-29--2025-01-18	9150056	0.467606	19567874	899	630	1004	2025-01-19--2025-02-08	6299701	0.438178	14377022	602	458	672	0.029428	2025-02-21 08:49:36.837392
28884	G28884C	N	G204P	XEP,KP.3.3	2024-12-29--2025-01-18	9150056	0.491313	18623686	899	630	1004	2025-01-19--2025-02-08	6299701	0.448012	14061460	602	458	672	0.043301	2025-02-21 08:49:36.837392
29409	C29409T	N	T379I	LB.1.3.1,NT.1,MC.10.1.3,NS.3,XDS,XEC.2.3	2024-12-29--2025-01-18	7929287	0.029894	265245748	765	115	1004	2025-01-19--2025-02-08	4774156	0.032303	147793881	534	108	672	0.002409	2025-02-21 08:49:36.837392
475	C475A	ORF1	F70L		2025-01-05--2025-01-25	361	0.000578	625098	113	0	1041	2025-01-26--2025-02-15	20751	0.068078	304811	57	1	666	0.067501	2025-02-21 09:27:34.361825
508	TGGTCATGTTATGGT508-522del	ORF1	HGHVMV81-86Hdel		2025-01-05--2025-01-25	6306	0.010177	619655	91	0	1041	2025-01-26--2025-02-15	7578	0.029821	254114	54	2	666	0.019645	2025-02-21 09:27:34.361825
515	GTTATG515-520del	ORF1	VM84-85del	LB.1.3.1	2025-01-05--2025-01-25	5561	0.030931	179790	110	0	1041	2025-01-26--2025-02-15	6010	0.056893	105637	63	1	666	0.025962	2025-02-21 09:27:34.361825
560	C560A	ORF1	R99S		2025-01-05--2025-01-25	47	0.000262	179061	43	0	1041	2025-01-26--2025-02-15	2343	0.023110	101384	34	1	666	0.022848	2025-02-21 09:27:34.361825
593	C593T	ORF1	H110Y	XEK,XEU	2025-01-05--2025-01-25	13930	0.026075	534226	161	4	1041	2025-01-26--2025-02-15	1899	0.008418	225593	72	0	666	0.017657	2025-02-21 09:27:34.361825
2060	G2060A	ORF1	A599T	XEC*	2025-01-05--2025-01-25	4880868	0.328436	14860934	721	451	1041	2025-01-26--2025-02-15	6092002	0.204192	29834644	515	318	666	0.124244	2025-02-21 09:27:34.361825
2193	G2193T	ORF1	R643I		2025-01-05--2025-01-25	7036	0.000485	14508834	686	1	1041	2025-01-26--2025-02-15	695913	0.037168	18723297	493	224	666	0.036683	2025-02-21 09:27:34.361825
2942	C2942A	ORF1	L893M		2025-01-05--2025-01-25	514	0.000301	1707609	274	0	1041	2025-01-26--2025-02-15	41033	0.028837	1422910	393	0	666	0.028536	2025-02-21 09:27:34.361825
3179	G3179T	ORF1	E972*		2025-01-05--2025-01-25	1034	0.000572	1807039	384	0	1041	2025-01-26--2025-02-15	34874	0.023388	1491108	423	1	666	0.022816	2025-02-21 09:27:34.361825
4364	A4364C	ORF1	I1367L	KP.3.3.4,XEC.2,XEP	2025-01-05--2025-01-25	467298	0.048468	9641463	603	64	1041	2025-01-26--2025-02-15	893769	0.065005	13749230	351	66	666	0.016537	2025-02-21 09:27:34.361825
5180	G5180A	ORF1	D1639N	NC.1.1	2025-01-05--2025-01-25	71328	0.020493	3480555	191	21	1041	2025-01-26--2025-02-15	23691	0.005600	4230355	387	6	666	0.014893	2025-02-21 09:27:34.361825
6255	C6255T	ORF1	A1997V	LP.8.1,LP.8.2.1,LP.11	2025-01-05--2025-01-25	6980102	0.159177	43851239	708	247	1041	2025-01-26--2025-02-15	7715962	0.198307	38909151	530	229	666	0.039130	2025-02-21 09:27:34.361825
7086	C7086T	ORF1	T2274I	XEC.9,MZ.1	2025-01-05--2025-01-25	416074	0.013921	29888126	519	29	1041	2025-01-26--2025-02-15	848683	0.021593	39303776	428	19	666	0.007672	2025-02-21 09:27:34.361825
7113	C7113T	ORF1	T2283I	JN.1.11.1,KU.2,XDV	2025-01-05--2025-01-25	12003019	0.361210	33230063	771	429	1041	2025-01-26--2025-02-15	14096775	0.378593	37234684	526	326	666	0.017383	2025-02-21 09:27:34.361825
7119	C7119T	ORF1	S2285F		2025-01-05--2025-01-25	612743	0.020386	30056333	428	3	1041	2025-01-26--2025-02-15	113565	0.002984	38064057	429	6	666	0.017403	2025-02-21 09:27:34.361825
7869	C7869T	ORF1	S2535L	LF.7	2025-01-05--2025-01-25	1030978	0.038013	27121863	469	57	1041	2025-01-26--2025-02-15	1253173	0.045978	27255754	432	44	666	0.007965	2025-02-21 09:27:34.361825
7925	G7925T	ORF1	A2554S		2025-01-05--2025-01-25	901373	0.038177	23610196	572	2	1041	2025-01-26--2025-02-15	27585	0.000955	28883877	431	0	666	0.037222	2025-02-21 09:27:34.361825
10323	A10323G	ORF1	K3353R	JN.1.52,LP.8.1.5,MC.10.2	2025-01-05--2025-01-25	52591	0.008513	6178066	397	18	1041	2025-01-26--2025-02-15	309654	0.026897	11512523	393	37	666	0.018385	2025-02-21 09:27:34.361825
11570	T11570A	ORF1	F3769I		2025-01-05--2025-01-25	247	0.000234	1053474	172	0	1041	2025-01-26--2025-02-15	70465	0.081352	866178	90	1	666	0.081117	2025-02-21 09:27:34.361825
11727	G11727A	ORF1	R3821K	JN.1	2025-01-05--2025-01-25	877382	0.991026	885327	857	361	1041	2025-01-26--2025-02-15	739039	0.965656	765323	523	301	666	0.025370	2025-02-21 09:27:34.361825
12423	G12423T	ORF1	R4053I		2025-01-05--2025-01-25	5279	0.000414	12762489	720	0	1041	2025-01-26--2025-02-15	585866	0.056295	10407052	494	184	666	0.055881	2025-02-21 09:27:34.361825
13121	A13121T	ORF1	S4286C	KP.3.1.1,XEW	2025-01-05--2025-01-25	1961563	0.244390	8026371	536	269	1041	2025-01-26--2025-02-15	2790960	0.230021	12133491	329	160	666	0.014369	2025-02-21 09:27:34.361825
14964	A14964C	ORF1	K4900N		2025-01-05--2025-01-25	56473	0.021287	2652964	659	0	1041	2025-01-26--2025-02-15	36007	0.010941	3291132	435	3	666	0.010346	2025-02-21 09:27:34.361825
15007	G15007A	ORF1	D4915N		2025-01-05--2025-01-25	1669	0.000652	2560005	119	0	1041	2025-01-26--2025-02-15	164719	0.050717	3247796	318	38	666	0.050065	2025-02-21 09:27:34.361825
15007	G15007A	ORF1	D4915N		2025-01-05--2025-01-25	7359	0.002875	2560005	245	0	1041	2025-01-26--2025-02-15	856673	0.263771	3247796	372	260	666	0.260896	2025-02-21 09:27:34.361825
15009	T15009C	ORF1	D4915N		2025-01-05--2025-01-25	1669	0.000652	2559635	119	0	1041	2025-01-26--2025-02-15	164719	0.049286	3342089	318	38	666	0.048634	2025-02-21 09:27:34.361825
15644	G15644T	ORF1	R5127I		2025-01-05--2025-01-25	22312	0.000873	25567174	766	2	1041	2025-01-26--2025-02-15	369155	0.027154	13595094	520	127	666	0.026281	2025-02-21 09:27:34.361825
15757	C15757A	ORF1	Q5165K		2025-01-05--2025-01-25	3280	0.000764	4294172	682	0	1041	2025-01-26--2025-02-15	325066	0.083357	3899665	480	131	666	0.082594	2025-02-21 09:27:34.361825
16943	G16943T	ORF1	S5560I		2025-01-05--2025-01-25	536934	0.024732	21710196	657	59	1041	2025-01-26--2025-02-15	414127	0.015661	26443503	349	41	666	0.009071	2025-02-21 09:27:34.361825
17012	C17012A	ORF1	S5583*		2025-01-05--2025-01-25	7653	0.001126	6798551	695	0	1041	2025-01-26--2025-02-15	944904	0.088203	10712791	494	257	666	0.087078	2025-02-21 09:27:34.361825
17329	G17329T	ORF1	E5689*		2025-01-05--2025-01-25	15383	0.000755	20362623	766	0	1041	2025-01-26--2025-02-15	711285	0.035003	20320722	547	230	666	0.034247	2025-02-21 09:27:34.361825
18131	C18131T	ORF1	T5956I		2025-01-05--2025-01-25	107974	0.028523	3785546	240	35	1041	2025-01-26--2025-02-15	158805	0.044616	3559396	310	37	666	0.016093	2025-02-21 09:27:34.361825
21351	G21351T	ORF1	W7029C		2025-01-05--2025-01-25	7786	0.000606	12851185	650	0	1041	2025-01-26--2025-02-15	676734	0.040069	16889332	465	172	666	0.039463	2025-02-21 09:27:34.361825
21627	C21627A	S	T22N	XEC*,LF.7,XEQ,MT.1.1,KP.3.6,LF.8.1.1,MJ.1.1,KP.2.18,XEN,KP.3.1.9,XEL,NB.1,KP.2.2.1,KP.2.26,LJ.1,XER,KS.1.5,NG.1,LP.8.1.6,MU.3,XDV.1.7.1,MB.1.1,KP.2.14,MG.3,JN.1.16.5,MU.6,KS.1.1	2025-01-05--2025-01-25	607848	0.538688	1128386	711	154	1041	2025-01-26--2025-02-15	798562	0.506715	1575958	460	164	666	0.031973	2025-02-21 09:27:34.361825
21652	TTC21652-21654del	S	NS30-31Ndel		2025-01-05--2025-01-25	524071	0.449766	1165209	654	119	1041	2025-01-26--2025-02-15	741671	0.468334	1583638	414	161	666	0.018568	2025-02-21 09:27:34.361825
21653	T21653C	S	S31P	LF.7,KP.3.2.6,NF.1,JN.1.40,MJ.1,KP.2.26,XER,MT.1	2025-01-05--2025-01-25	43265	0.037486	1154178	217	14	1041	2025-01-26--2025-02-15	38216	0.023901	1598939	205	13	666	0.013585	2025-02-21 09:27:34.361825
21654	C21654T	S	S31F	JN.1.1.7,MD.3.1.4,JN.1.58.3,KP.2.14,MZ.1,JN.1.20,MB.1,MC.32,KP.4.2.1,LF.8.1,KP.3.4.1,KP.2.7,KP.1.1.6,KP.3.1.3,XEN,MK.1,LC.1	2025-01-05--2025-01-25	4577	0.003981	1149768	47	1	1041	2025-01-26--2025-02-15	41853	0.026044	1606987	89	5	666	0.022064	2025-02-21 09:27:34.361825
21707	C21707T	S	H49Y	NB.1.3.1	2025-01-05--2025-01-25	113	0.000343	329890	60	0	1041	2025-01-26--2025-02-15	16031	0.053613	299016	65	1	666	0.053270	2025-02-21 09:27:34.361825
21728	T21728G	S	L56V	KP.2.11,MJ.2.1.1	2025-01-05--2025-01-25	12565	0.040816	307847	200	1	1041	2025-01-26--2025-02-15	90	0.000329	273386	58	0	666	0.040487	2025-02-21 09:27:34.361825
21737	T21737C	S	F59L	KP.2.2,JN.1.11.2,MD.1.2,NJ.1,KR.1.1	2025-01-05--2025-01-25	12243	0.039361	311041	69	1	1041	2025-01-26--2025-02-15	143	0.000514	278104	63	0	666	0.038847	2025-02-21 09:27:34.361825
21738	T21738C	S	F59S	XEC*,JN.1.18.6,KS.1,KP.3.1.8,JN.1.42.1,JN.1.13.1,NB.1,XDR.1,XEM,KP.2.10,MN.1,JN.1.18.9,MU.3,JN.1.18.2,KP.1.1.5,KR.1.4	2025-01-05--2025-01-25	150634	0.516856	291443	568	33	1041	2025-01-26--2025-02-15	83946	0.302329	277664	341	23	666	0.214526	2025-02-21 09:27:34.361825
21761	G21761T	S	A67S		2025-01-05--2025-01-25	334	0.001141	292659	155	0	1041	2025-01-26--2025-02-15	15268	0.060642	251774	58	1	666	0.059500	2025-02-21 09:27:34.361825
21780	C21780A	S	T73N		2025-01-05--2025-01-25	212	0.000734	288962	135	0	1041	2025-01-26--2025-02-15	15199	0.060534	251084	56	1	666	0.059800	2025-02-21 09:27:34.361825
21789	C21789T	S	T76I		2025-01-05--2025-01-25	79	0.000277	285271	34	0	1041	2025-01-26--2025-02-15	15198	0.062286	244005	43	1	666	0.062009	2025-02-21 09:27:34.361825
21793	G21793C	S	K77N		2025-01-05--2025-01-25	128	0.000436	293460	89	0	1041	2025-01-26--2025-02-15	15233	0.057903	263078	25	1	666	0.057467	2025-02-21 09:27:34.361825
21823	T21823A	S	N87K		2025-01-05--2025-01-25	42	0.000162	259575	37	0	1041	2025-01-26--2025-02-15	15203	0.056844	267453	14	1	666	0.056682	2025-02-21 09:27:34.361825
22107	A22107G	S	K182R	LF.7,MC.15,KP.2.2.2,XEC.1,XER,LB.1.3.3	2025-01-05--2025-01-25	885253	0.044507	19890137	632	92	1041	2025-01-26--2025-02-15	749681	0.025572	29316634	493	44	666	0.018935	2025-02-21 09:27:34.361825
22111	G22111T	S	Q183H	LB.1,JN.1.9,LY.2,JN.1.32.1,XFB	2025-01-05--2025-01-25	500574	0.014123	35445015	699	71	1041	2025-01-26--2025-02-15	1189502	0.024148	49259259	497	74	666	0.010025	2025-02-21 09:27:34.361825
22120	C22120A	S	F186L	LP.8.1,LP.8.2.1	2025-01-05--2025-01-25	2685074	0.086963	30876024	742	213	1041	2025-01-26--2025-02-15	4817166	0.090982	52946154	531	204	666	0.004019	2025-02-21 09:27:34.361825
22132	G22132T	S	R190S	LP.8.1,LF.7,KP.4.2.6,LP.1.2,LP.7,JN.1.59.1,MA.1,LB.1.4.1,NL.1,NK.1,KP.4.2.4,XER,NC.1	2025-01-05--2025-01-25	3504916	0.180308	19438459	802	267	1041	2025-01-26--2025-02-15	5637518	0.165261	34112743	541	237	666	0.015047	2025-02-21 09:27:34.361825
22599	G22599C	S	R346T	MC.19,KS.1,KP.2,JN.1.16.1,JN.1.18,KP.4.1,LE.1,JN.1.42.2,JN.1.48.2,JN.1.13.1,LG.1,JN.1.48.3,JN.1.9.2,KQ.1,JN.1.11.2,JN.1.18.8,XED,NU.1,JN.1.39.2,JN.1.26,MC.33.1,JN.1.8.2,KZ.1.1,LF.6,JN.1.58.2,JN.1.44.1,JN.1.6.1,MC.28.1.1,JN.1.48.1,MK.3,XEM,JN.1.30.1,KR.5,JN.1.49.1,XEH,JN.1.25.1,JN.1.7.3,LU.2,MF.1,LF.8,MQ.1,MC.31,XDD.1.1.1,XDR.1,MC.13.3,MU.3,JN.1.29.1,JN.1.4.4,MC.13.2.1,JN.1.24.1,MC.10.1.6,JN.1.1.5,JN.1.1.3,LN.1.1,XDK.1,MC.17.1,JN.1.59.1,JN.1.50.1,LU.1,XES	2025-01-05--2025-01-25	10944210	0.167648	65281039	728	352	1041	2025-01-26--2025-02-15	3442001	0.286393	12018437	448	307	666	0.118746	2025-02-21 09:27:34.361825
22865	G22865T	S	A435S	MC.10.1,KP.3.7,MC.21.1,KP.3.3.5,MU.2.1.1,MC.31,XDY.3,LP.10.1.1,MC.30.1.1,MC.28.1,MC.13.2,KP.3.3.2,XDV.1.9.1,XEP,MU.6,XDY.1,XFB	2025-01-05--2025-01-25	34537	0.045788	754286	353	8	1041	2025-01-26--2025-02-15	58888	0.071707	821232	213	13	666	0.025919	2025-02-21 09:27:34.361825
22893	A22893G	S	K444R	LF.7,JN.1.61,JN.1.23,NA.1.1,XER	2025-01-05--2025-01-25	34094	0.034800	979702	250	8	1041	2025-01-26--2025-02-15	42590	0.044415	958905	165	9	666	0.009615	2025-02-21 09:27:34.361825
22895	G22895C	S	V445R	NZ.1,MK.3,MC.19.1,MC.33.1,LP.8	2025-01-05--2025-01-25	158991	0.116130	1369075	374	47	1041	2025-01-26--2025-02-15	187937	0.113858	1650627	302	48	666	0.002272	2025-02-21 09:27:34.361825
22895	G22895C	S	V445P	LB.1.3.1,LF.3.1,JN.1.1.8,JN.1.50,MU.2.1.1,LK.1,NS.1.1,NC.1.2,NN.1,MU.5,KP.2.3.4,LB.1.10,LP.1.2.1,LP.9,PA.1,MA.1.1.1	2025-01-05--2025-01-25	54523	0.039825	1369075	266	12	1041	2025-01-26--2025-02-15	65300	0.039561	1650627	176	16	666	0.000264	2025-02-21 09:27:34.361825
22896	T22896G	S	V445R	NZ.1,MK.3,MC.19.1,MC.33.1,LP.8	2025-01-05--2025-01-25	158991	0.150025	1059766	374	47	1041	2025-01-26--2025-02-15	187937	0.190840	984786	302	48	666	0.040816	2025-02-21 09:27:34.361825
22896	T22896C	S	V445P	LB.1.3.1,LF.3.1,JN.1.1.8,JN.1.50,MU.2.1.1,LK.1,NS.1.1,NC.1.2,NN.1,MU.5,KP.2.3.4,LB.1.10,LP.1.2.1,LP.9,PA.1,MA.1.1.1	2025-01-05--2025-01-25	54523	0.051448	1059766	266	12	1041	2025-01-26--2025-02-15	65300	0.066309	984786	176	16	666	0.014861	2025-02-21 09:27:34.361825
22926	T22926C	S	L455S	JN.1	2025-01-05--2025-01-25	926170	0.893613	1036433	795	256	1041	2025-01-26--2025-02-15	858358	0.810086	1059589	504	195	666	0.083527	2025-02-21 09:27:34.361825
22928	T22928C	S	F456L	JN.1.16,KS.1,XDV.1,JN.1.11.1,JN.1.4.9,NS.3,KR.3,JN.1.48.3,LR.1,LR.3,JN.1.7.9,XDR.1.1,XDK.5,JN.1.18.4,JN.1.15.1,LF.6,LM.1,JN.1.18.5,JN.1.48.1,XDK.6,KR.5,LQ.1,LZ.2,KU.2,JN.1.67.1,LE.1.3.1,JN.1.39.1,JN.1.65.1,LF.8,LL.1,JN.1.55.1,JN.1.51.1,XDK.3,XDK.1.2,MD.3.1,KR.1,JN.1.29.1,JN.1.7.8,LN.1.1,KW.1.1,JN.1.1.8,JN.1.55.2,JN.1.50,XDK.4.1,LZ.1,JN.1.62,JN.1.1.6,XDD.3,MD.1	2025-01-05--2025-01-25	920916	0.962336	956959	794	255	1041	2025-01-26--2025-02-15	865055	0.974377	887803	502	195	666	0.012041	2025-02-21 09:27:34.361825
22986	C22986T	S	A475V	LF.7.2.1,LF.7.1.2,LP.8.1.9,KP.2.3.1,NY.5,NY.6,LP.8.2.1,LP.10.1	2025-01-05--2025-01-25	12015	0.012146	989183	140	3	1041	2025-01-26--2025-02-15	31629	0.033808	935541	131	8	666	0.021662	2025-02-21 09:27:34.361825
23039	C23039G	S	Q493E	XEQ,KP.3,XDY,XEF,JN.1.16.4,KP.3.4,JN.1.16.5,XET,LP.8	2025-01-05--2025-01-25	1596917	0.811262	1968435	770	253	1041	2025-01-26--2025-02-15	1037011	0.797832	1299786	485	200	666	0.013430	2025-02-21 09:27:34.361825
23277	C23277T	S	T572I	MC.1,XEC.4,JN.1.7,JN.1.4.3,KP.2.9,LZ.3,MC.30.1.1,KP.2.3.6,NB.1.3.1,LP.4,KP.2.15.1,XDK,KV.2,JN.1.1.1,JN.1.47.2,MH.1,MU.1,KP.5,KP.1.2,XFB,KP.2.2.2,MC.26.1,XDY.5.1,XDV.1.3,MC.13.4,KP.2.3.8,MC.8.1,MG.1,LD.1,JN.1.65,KW.1,KP.2.27,JN.1.16.3,JN.1.62,XDY.1.1,XDD.3,JN.1.32,LB.1.2.2,JN.1.9.1	2025-01-05--2025-01-25	2492965	0.086191	28923736	634	240	1041	2025-01-26--2025-02-15	4887387	0.069227	70599426	571	198	666	0.016964	2025-02-21 09:27:34.361825
23856	G23856T	S	R765L	NY.3	2025-01-05--2025-01-25	129566	0.002578	50262420	565	9	1041	2025-01-26--2025-02-15	589152	0.020770	28365238	237	14	666	0.018192	2025-02-21 09:27:34.361825
24819	A24819G	S	K1086R	KP.1.1,KP.1	2025-01-05--2025-01-25	5205367	0.125892	41347852	687	201	1041	2025-01-26--2025-02-15	2914274	0.185407	15718214	439	166	666	0.059515	2025-02-21 09:27:34.361825
24872	G24872T	S	V1104L	XEQ,LB.1.1,JN.1.11,XDY,XEF	2025-01-05--2025-01-25	37004958	0.853481	43357706	848	629	1041	2025-01-26--2025-02-15	13970807	0.854967	16340763	516	437	666	0.001486	2025-02-21 09:27:34.361825
25925	C25925T	ORF3a	P178L	LP.8.1,LP.8.2.1,LP.11	2025-01-05--2025-01-25	231512	0.169564	1365335	415	65	1041	2025-01-26--2025-02-15	367708	0.216531	1698176	349	96	666	0.046967	2025-02-21 09:27:34.361825
27476	C27476T	ORF7a	T28I	LB.1.3.1,JN.1.8.1,JN.1.8	2025-01-05--2025-01-25	1324260	0.040098	33025518	637	98	1041	2025-01-26--2025-02-15	776382	0.035048	22151861	468	67	666	0.005050	2025-02-21 09:27:34.361825
27810	T27810C	ORF7b	F19L	JN.1	2025-01-05--2025-01-25	31387879	0.727918	43120057	946	739	1041	2025-01-26--2025-02-15	22269990	0.768674	28971960	587	511	666	0.040756	2025-02-21 09:27:34.361825
28883	G28883C	N	G204P	KP.3.3,XEP	2025-01-05--2025-01-25	9551939	0.457663	20871102	941	666	1041	2025-01-26--2025-02-15	6707013	0.451585	14852157	553	463	666	0.006078	2025-02-21 09:27:34.361825
28884	G28884C	N	G204P	KP.3.3,XEP	2025-01-05--2025-01-25	9551939	0.477790	19991901	941	666	1041	2025-01-26--2025-02-15	6707013	0.452367	14826487	553	463	666	0.025423	2025-02-21 09:27:34.361825
28892	C28892A	N	P207T		2025-01-05--2025-01-25	14211	0.000713	19918446	834	0	1041	2025-01-26--2025-02-15	1104728	0.071036	15551639	559	294	666	0.070323	2025-02-21 09:27:34.361825
29409	C29409T	N	T379I	LB.1.3.1,NS.3,XDS,NT.1,XEC.2.3,MC.10.1.3	2025-01-05--2025-01-25	7918379	0.029145	271688711	795	129	1041	2025-01-26--2025-02-15	3649791	0.023350	156309639	557	106	666	0.005795	2025-02-21 09:27:34.361825
