						2024-12-15--2025-01-04			2025-01-05--2025-01-25		
Position	NT change	ORFs	AA Change	Associated Variants	Count	Abundance	Total Coverage	Count	Abundance	Total Coverage	diff
515	GTTATG515-520del	ORF1	VM84-85del		3351	0.016188	207009	2923	0.031073	94070	0.014885
593	C593T	ORF1	H110Y	XEU,XEK	24276	0.033114	733110	9429	0.032327	291675	0.000787
816	G816-816del	ORF1	184fs		427376	0.025001	17094306	19	0.000001	17643400	0.025000
2060	G2060A	ORF1	A599T	XEC*	3889051	0.345071	11270303	3898179	0.329508	11830315	0.015563
3939	G3939T	ORF1	R1225I	LF.7	24649	0.006762	3645439	87587	0.020467	4279473	0.013705
4364	A4364C	ORF1	I1367L	KP.3.3.4,XEP,XEC.2	423413	0.063116	6708436	287164	0.039283	7310098	0.023833
5180	G5180A	ORF1	D1639N	NC.1.1	33697	0.015493	2174933	56378	0.021573	2613340	0.006080
6255	C6255T	ORF1	A1997V	LP.8.1,LP.8.2.1,LP.11	2220805	0.084557	26263964	5110254	0.141962	35997398	0.057405
7113	C7113T	ORF1	T2283I	JN.1.11.1,KU.2,XDV	10834120	0.450093	24070840	8452583	0.349972	24152149	0.100121
7119	C7119T	ORF1	S2285F		11949	0.000487	24530246	586473	0.025972	22580898	0.025485
7869	C7869T	ORF1	S2535L	LF.7	177123	0.012126	14606868	911326	0.042944	21221168	0.030818
7925	G7925T	ORF1	A2554S		18735	0.001420	13194615	889424	0.048094	18493553	0.046674
9431	G9431A	ORF1	V3056I		37140	0.014678	2530313	67794	0.021364	3173256	0.006686
10323	A10323G	ORF1	K3353R	MC.10.2,LP.8.1.5,JN.1.52	88154	0.020545	4290676	39004	0.008659	4504588	0.011887
11003	C11003T	ORF1	H3580Y		151298	0.031746	4765828	59763	0.010572	5652914	0.021174
11727	G11727A	ORF1	R3821K	JN.1	617205	0.987067	625292	648861	0.989700	655614	0.002633
12596	C12596T	ORF1	L4111F		2610	0.005229	499094	3290	0.029002	113441	0.023772
13121	A13121T	ORF1	S4286C	KP.3.1.1,XEW	1626014	0.300544	5410237	1689614	0.264411	6390116	0.036133
14964	A14964C	ORF1	K4900N		34808	0.022407	1553442	43701	0.021802	2004442	0.000605
16943	G16943T	ORF1	S5560I		262318	0.020896	12553424	433407	0.024576	17635302	0.003680
18131	C18131T	ORF1	T5956I		90501	0.036203	2499815	88038	0.028885	3047857	0.007318
21575	C21575T	S	L5F		4845	0.005701	849782	15484	0.021642	715460	0.015941
21627	C21627A	S	T22N	XEC*,XEL,MU.3,LF.8.1.1,LP.8.1.6,KP.3.1.9,NG.1,KP.2.2.1,MT.1.1,KP.3.6,MG.3,MB.1.1,KP.2.18,KP.2.26,KS.1.5,XEN,KS.1.1,XEQ,MU.6,LJ.1,JN.1.16.5,KP.2.14,NB.1,MJ.1.1,XER,LF.7,XDV.1.7.1	440207	0.473114	930445	477009	0.550647	866270	0.077533
21652	TTC21652-21654del	S	NS30-31Ndel		497148	0.457400	1086899	393191	0.443728	886109	0.013673
21653	T21653C	S	S31P	KP.3.2.6,XER,LF.7,MT.1,JN.1.40,KP.2.26,MJ.1,NF.1	31936	0.029229	1092613	38135	0.043542	875815	0.014313
21728	T21728G	S	L56V	MJ.2.1.1,KP.2.11	1198	0.002471	484904	12501	0.056395	221669	0.053924
21737	T21737C	S	F59L	KP.2.2,MD.1.2,KR.1.1,JN.1.11.2,NJ.1	509	0.001122	453592	12177	0.054304	224236	0.053182
21738	T21738C	S	F59S	XEC*,KP.2.10,JN.1.18.9,KP.3.1.8,JN.1.13.1,MU.3,KP.1.1.5,JN.1.42.1,MN.1,JN.1.18.6,KS.1,XDR.1,KR.1.4,JN.1.18.2,XEM,NB.1	200529	0.435534	460421	108384	0.510532	212296	0.074998
22107	A22107G	S	K182R	KP.2.2.2,XER,LF.7,XEC.1,MC.15,LB.1.3.3	399166	0.029698	13440895	701549	0.047517	14764310	0.017819
22111	G22111T	S	Q183H	LB.1,JN.1.32.1,JN.1.9,XFB,LY.2	555996	0.027206	20436547	287201	0.010900	26349094	0.016306
22120	C22120A	S	F186L	LP.8.1,LP.8.2.1	1066753	0.054449	19591766	1963138	0.085726	22900117	0.031277
22132	G22132T	S	R190S	LP.8.1,MA.1,KP.4.2.6,LB.1.4.1,XER,JN.1.59.1,LF.7,NL.1,LP.7,LP.1.2,NC.1,NK.1,KP.4.2.4	1459866	0.110290	13236655	2622752	0.179079	14645779	0.068789
22592	G22592T	S	A344S		582013	0.021299	27325541	205414	0.005269	38987862	0.016031
22599	G22599C	S	R346T	KP.2,JN.1.18,MC.28.1.1,MC.13.3,JN.1.59.1,MC.31,MU.3,JN.1.25.1,JN.1.26,JN.1.24.1,KQ.1,LN.1.1,JN.1.50.1,XDR.1,JN.1.6.1,MK.3,LG.1,JN.1.16.1,XDD.1.1.1,JN.1.42.2,LF.8,JN.1.18.8,LU.2,XDK.1,JN.1.44.1,XES,JN.1.48.1,JN.1.39.2,KS.1,JN.1.58.2,NU.1,KP.4.1,JN.1.11.2,MC.17.1,JN.1.9.2,JN.1.49.1,JN.1.8.2,JN.1.4.4,MF.1,LE.1,JN.1.13.1,LU.1,MC.10.1.6,JN.1.1.3,MC.33.1,MC.13.2.1,MC.19,XED,KR.5,JN.1.7.3,KZ.1.1,LF.6,JN.1.29.1,JN.1.48.3,MQ.1,XEH,JN.1.30.1,JN.1.48.2,XEM,JN.1.1.5	5265407	0.139492	37746993	9688419	0.159484	60748449	0.019992
22844	G22844T	S	D428Y		224	0.000378	593239	12183	0.021732	560603	0.021354
22865	G22865T	S	A435S	KP.3.3.2,MU.2.1.1,MC.21.1,KP.3.7,MC.31,KP.3.3.5,XFB,MC.10.1,MC.30.1.1,MC.28.1,XDY.1,LP.10.1.1,XDY.3,MU.6,MC.13.2,XDV.1.9.1,XEP	28007	0.047365	591299	27609	0.049268	560381	0.001903
22893	A22893G	S	K444R	JN.1.61,NA.1.1,XER,LF.7,JN.1.23	32072	0.036397	881160	27816	0.039683	700954	0.003286
22895	G22895C	S	V445R	LP.8,MC.19.1,NZ.1,MC.33.1,MK.3	78373	0.069978	1119959	101838	0.110736	919644	0.040758
22895	G22895C	S	V445P	MA.1.1.1,LF.3.1,NC.1.2,NS.1.1,KP.2.3.4,LP.1.2.1,MU.2.1.1,LB.1.3.1,PA.1,MU.5,LP.9,JN.1.1.8,LK.1,NN.1,JN.1.50,LB.1.10	44148	0.039419	1119959	41559	0.045190	919644	0.005771
22896	T22896G	S	V445R	LP.8,MC.19.1,NZ.1,MC.33.1,MK.3	78373	0.080656	971694	101838	0.135915	749275	0.055259
22896	T22896C	S	V445P	MA.1.1.1,LF.3.1,NC.1.2,NS.1.1,KP.2.3.4,LP.1.2.1,MU.2.1.1,LB.1.3.1,PA.1,MU.5,LP.9,JN.1.1.8,LK.1,NN.1,JN.1.50,LB.1.10	44148	0.045434	971694	41559	0.055466	749275	0.010032
22926	T22926C	S	L455S	JN.1	834766	0.908303	919039	690256	0.917152	752608	0.008849
22928	T22928C	S	F456L	MD.3.1,JN.1.16,JN.1.39.1,JN.1.1.8,XDK.5,XDR.1.1,JN.1.51.1,LR.3,JN.1.65.1,LN.1.1,JN.1.50,XDK.3,JN.1.18.5,JN.1.4.9,JN.1.15.1,LF.8,JN.1.1.6,LZ.1,XDK.4.1,LE.1.3.1,XDV.1,KU.2,KW.1.1,JN.1.48.1,KS.1,JN.1.67.1,XDK.6,JN.1.7.8,JN.1.18.4,JN.1.55.2,LL.1,XDK.1.2,MD.1,LR.1,JN.1.55.1,JN.1.62,NS.3,JN.1.11.1,XDD.3,LZ.2,KR.5,KR.3,LF.6,JN.1.29.1,KR.1,LQ.1,JN.1.48.3,JN.1.7.9,LM.1	827700	0.981448	843346	685965	0.953758	719223	0.027689
23039	C23039G	S	Q493E	KP.3,LP.8,XDY,XET,XEQ,XEF,JN.1.16.4,KP.3.4,JN.1.16.5	1649935	0.821062	2009513	1066485	0.831133	1283170	0.010071
23277	C23277T	S	T572I	JN.1.16.3,XDY.1.1,KP.2.9,XDK,XFB,KP.5,KW.1,MU.1,JN.1.1.1,LD.1,MC.1,JN.1.47.2,LZ.3,KP.1.2,JN.1.7,JN.1.9.1,KP.2.3.8,MC.26.1,KP.2.3.6,XDV.1.3,KP.2.15.1,JN.1.4.3,KV.2,MH.1,JN.1.62,MG.1,JN.1.32,KP.2.27,JN.1.65,MC.8.1,MC.13.4,XDD.3,XEC.4,KP.2.2.2,LB.1.2.2,XDY.5.1,NB.1.3.1,MC.30.1.1,LP.4	1645867	0.089143	18463309	1958488	0.090799	21569561	0.001656
24819	A24819G	S	K1086R	KP.1,KP.1.1	2106934	0.086208	24440230	4372585	0.121159	36089680	0.034951
24872	G24872T	S	V1104L	XDY,JN.1.11,XEQ,XEF,LB.1.1	22827691	0.881443	25898103	32110274	0.849452	37801180	0.031991
25925	C25925T	ORF3a	P178L	LP.8.1,LP.8.2.1,LP.11	102263	0.088706	1152826	140051	0.147462	949745	0.058755
27476	C27476T	ORF7a	T28I	JN.1.8,LB.1.3.1,JN.1.8.1	804729	0.040705	19769594	1080774	0.038605	27995743	0.002100
27810	T27810C	ORF7b	F19L	JN.1	18501528	0.713398	25934377	26748270	0.717801	37264165	0.004404
28045	C28045T	ORF8	A51V		134727	0.023206	5805794	27122	0.003493	7763759	0.019712
28883	G28883C	N	G204P	XEP,KP.3.3	5607292	0.441907	12688840	7646959	0.470665	16247129	0.028758
28884	G28884C	N	G204P	XEP,KP.3.3	5607292	0.452761	12384660	7646959	0.492469	15527810	0.039708
29409	C29409T	N	T379I	XDS,NT.1,XEC.2.3,LB.1.3.1,MC.10.1.3,NS.3	5831637	0.036661	159069076	6909596	0.029888	231179684	0.006773
